"","ym","city","TSP","dustfall","DataCreationDate"
"1","10601","新北市",54,4.72,"2017-01-15"
"2","10601","臺北市",51,3.18,"2017-01-15"
"3","10601","桃園市",54,6.3,"2017-01-15"
"4","10601","臺中市",49,1.26,"2017-01-15"
"5","10601","臺南市",87,6.17,"2017-01-15"
"6","10601","高雄市",98,1.25,"2017-01-15"
"7","10601","宜蘭縣",53,3.54,"2017-01-15"
"8","10601","新竹縣",63,3.55,"2017-01-15"
"9","10601","苗栗縣",0,0,"2017-01-15"
"10","10601","彰化縣",62,3,"2017-01-15"
"11","10601","南投縣",64,2.73,"2017-01-15"
"12","10601","雲林縣",94,5.28,"2017-01-15"
"13","10601","嘉義縣",84,3.96,"2017-01-15"
"14","10601","屏東縣",0,0,"2017-01-15"
"15","10601","臺東縣",51,1.17,"2017-01-15"
"16","10601","花蓮縣",20,4.89,"2017-01-15"
"17","10601","澎湖縣",0,0,"2017-01-15"
"18","10601","基隆市",53,11.18,"2017-01-15"
"19","10601","新竹市",57,2.7,"2017-01-15"
"20","10601","嘉義市",113,4.21,"2017-01-15"
"21","10601","金門縣",80,4.69,"2017-01-15"
"22","10601","連江縣",0,0,"2017-01-15"
"23","10602","新北市",64,7.36,"2017-02-15"
"24","10602","臺北市",59,3.93,"2017-02-15"
"25","10602","桃園市",72,7.43,"2017-02-15"
"26","10602","臺中市",53,1.17,"2017-02-15"
"27","10602","臺南市",85,5.59,"2017-02-15"
"28","10602","高雄市",101,1.76,"2017-02-15"
"29","10602","宜蘭縣",52,10.49,"2017-02-15"
"30","10602","新竹縣",68,4.4,"2017-02-15"
"31","10602","苗栗縣",62,6.65,"2017-02-15"
"32","10602","彰化縣",76,2.19,"2017-02-15"
"33","10602","南投縣",55,2.88,"2017-02-15"
"34","10602","雲林縣",92,1.22,"2017-02-15"
"35","10602","嘉義縣",110,8.74,"2017-02-15"
"36","10602","屏東縣",0,0,"2017-02-15"
"37","10602","臺東縣",35,3.79,"2017-02-15"
"38","10602","花蓮縣",39,6.3,"2017-02-15"
"39","10602","澎湖縣",0,0,"2017-02-15"
"40","10602","基隆市",73,9.52,"2017-02-15"
"41","10602","新竹市",85,1.57,"2017-02-15"
"42","10602","嘉義市",116,5.63,"2017-02-15"
"43","10602","金門縣",53,13.5,"2017-02-15"
"44","10602","連江縣",0,0,"2017-02-15"
"45","10603","新北市",39,6.86,"2017-03-15"
"46","10603","臺北市",61,3.37,"2017-03-15"
"47","10603","桃園市",61,5.54,"2017-03-15"
"48","10603","臺中市",65,1.18,"2017-03-15"
"49","10603","臺南市",67,4.71,"2017-03-15"
"50","10603","高雄市",109,1.86,"2017-03-15"
"51","10603","宜蘭縣",34,2.52,"2017-03-15"
"52","10603","新竹縣",67,5.4,"2017-03-15"
"53","10603","苗栗縣",58,3.06,"2017-03-15"
"54","10603","彰化縣",84,1.64,"2017-03-15"
"55","10603","南投縣",69,4.83,"2017-03-15"
"56","10603","雲林縣",69,0.97,"2017-03-15"
"57","10603","嘉義縣",69,6.04,"2017-03-15"
"58","10603","屏東縣",0,0,"2017-03-15"
"59","10603","臺東縣",29,1.15,"2017-03-15"
"60","10603","花蓮縣",24,6.33,"2017-03-15"
"61","10603","澎湖縣",0,0,"2017-03-15"
"62","10603","基隆市",51,5.74,"2017-03-15"
"63","10603","新竹市",70,2.4,"2017-03-15"
"64","10603","嘉義市",101,5.59,"2017-03-15"
"65","10603","金門縣",95,4,"2017-03-15"
"66","10603","連江縣",0,0,"2017-03-15"
"67","10604","新北市",45,3.51,"2017-04-15"
"68","10604","臺北市",56,4.35,"2017-04-15"
"69","10604","桃園市",93,5.79,"2017-04-15"
"70","10604","臺中市",26,3.09,"2017-04-15"
"71","10604","臺南市",82,1.94,"2017-04-15"
"72","10604","高雄市",32,1.95,"2017-04-15"
"73","10604","宜蘭縣",45,8.35,"2017-04-15"
"74","10604","新竹縣",66,4.53,"2017-04-15"
"75","10604","苗栗縣",38,2.59,"2017-04-15"
"76","10604","彰化縣",56,0.81,"2017-04-15"
"77","10604","南投縣",69,4.85,"2017-04-15"
"78","10604","雲林縣",89,2.48,"2017-04-15"
"79","10604","嘉義縣",88,7.63,"2017-04-15"
"80","10604","屏東縣",0,0,"2017-04-15"
"81","10604","臺東縣",40,2.6,"2017-04-15"
"82","10604","花蓮縣",32,5.77,"2017-04-15"
"83","10604","澎湖縣",37,0,"2017-04-15"
"84","10604","基隆市",62,4.24,"2017-04-15"
"85","10604","新竹市",93,0,"2017-04-15"
"86","10604","嘉義市",56,6.4,"2017-04-15"
"87","10604","金門縣",41,6.05,"2017-04-15"
"88","10604","連江縣",0,0,"2017-04-15"
"89","10605","新北市",45,4.26,"2017-05-15"
"90","10605","臺北市",48,3.29,"2017-05-15"
"91","10605","桃園市",65,2.89,"2017-05-15"
"92","10605","臺中市",46,1.18,"2017-05-15"
"93","10605","臺南市",40,0,"2017-05-15"
"94","10605","高雄市",63,1.96,"2017-05-15"
"95","10605","宜蘭縣",43,4.21,"2017-05-15"
"96","10605","新竹縣",65,7.3,"2017-05-15"
"97","10605","苗栗縣",58,4.15,"2017-05-15"
"98","10605","彰化縣",72,1.04,"2017-05-15"
"99","10605","南投縣",48,4.62,"2017-05-15"
"100","10605","雲林縣",39,0.99,"2017-05-15"
"101","10605","嘉義縣",37,5.97,"2017-05-15"
"102","10605","屏東縣",0,0,"2017-05-15"
"103","10605","臺東縣",34,1.7,"2017-05-15"
"104","10605","花蓮縣",29,4.53,"2017-05-15"
"105","10605","澎湖縣",70,7.8,"2017-05-15"
"106","10605","基隆市",49,2.42,"2017-05-15"
"107","10605","新竹市",52,1.5,"2017-05-15"
"108","10605","嘉義市",57,7.36,"2017-05-15"
"109","10605","金門縣",49,6.17,"2017-05-15"
"110","10605","連江縣",0,0,"2017-05-15"
"111","10606","新北市",38,4.91,"2017-06-15"
"112","10606","臺北市",45,2.21,"2017-06-15"
"113","10606","桃園市",51,1.99,"2017-06-15"
"114","10606","臺中市",45,1.55,"2017-06-15"
"115","10606","臺南市",30,1.29,"2017-06-15"
"116","10606","高雄市",33,3.95,"2017-06-15"
"117","10606","宜蘭縣",50,3.36,"2017-06-15"
"118","10606","新竹縣",31,3.7,"2017-06-15"
"119","10606","苗栗縣",30,0.73,"2017-06-15"
"120","10606","彰化縣",38,0.65,"2017-06-15"
"121","10606","南投縣",30,1.12,"2017-06-15"
"122","10606","雲林縣",30,0.28,"2017-06-15"
"123","10606","嘉義縣",36,2.24,"2017-06-15"
"124","10606","屏東縣",0,0,"2017-06-15"
"125","10606","臺東縣",25,2.8,"2017-06-15"
"126","10606","花蓮縣",36,0.87,"2017-06-15"
"127","10606","澎湖縣",44,6.5,"2017-06-15"
"128","10606","基隆市",46,1.14,"2017-06-15"
"129","10606","新竹市",7,1.4,"2017-06-15"
"130","10606","嘉義市",32,5.96,"2017-06-15"
"131","10606","金門縣",12,5.97,"2017-06-15"
"132","10606","連江縣",0,0,"2017-06-15"
"133","10607","新北市",31,5.81,"2017-07-15"
"134","10607","臺北市",45,2.48,"2017-07-15"
"135","10607","桃園市",50,0.96,"2017-07-15"
"136","10607","臺中市",38,2.31,"2017-07-15"
"137","10607","臺南市",34,2.4,"2017-07-15"
"138","10607","高雄市",42,2.67,"2017-07-15"
"139","10607","宜蘭縣",49,0,"2017-07-15"
"140","10607","新竹縣",33,3.6,"2017-07-15"
"141","10607","苗栗縣",27,8.15,"2017-07-15"
"142","10607","彰化縣",27,0.45,"2017-07-15"
"143","10607","南投縣",29,0.45,"2017-07-15"
"144","10607","雲林縣",32,5.15,"2017-07-15"
"145","10607","嘉義縣",35,5.41,"2017-07-15"
"146","10607","屏東縣",0,0,"2017-07-15"
"147","10607","臺東縣",17,1.26,"2017-07-15"
"148","10607","花蓮縣",34,3.53,"2017-07-15"
"149","10607","澎湖縣",46,6,"2017-07-15"
"150","10607","基隆市",39,3.05,"2017-07-15"
"151","10607","新竹市",19,2.53,"2017-07-15"
"152","10607","嘉義市",47,5.11,"2017-07-15"
"153","10607","金門縣",28,5.45,"2017-07-15"
"154","10607","連江縣",0,0,"2017-07-15"
"155","10608","新北市",40,6.41,"2017-08-15"
"156","10608","臺北市",29,3.84,"2017-08-15"
"157","10608","桃園市",48,6.79,"2017-08-15"
"158","10608","臺中市",41,1.28,"2017-08-15"
"159","10608","臺南市",30,0.97,"2017-08-15"
"160","10608","高雄市",35,2.11,"2017-08-15"
"161","10608","宜蘭縣",51,5.9,"2017-08-15"
"162","10608","新竹縣",40,3.6,"2017-08-15"
"163","10608","苗栗縣",44,6.96,"2017-08-15"
"164","10608","彰化縣",0,0,"2017-08-15"
"165","10608","南投縣",43,1.98,"2017-08-15"
"166","10608","雲林縣",30,3.99,"2017-08-15"
"167","10608","嘉義縣",30,3.74,"2017-08-15"
"168","10608","屏東縣",0,0,"2017-08-15"
"169","10608","臺東縣",27,6.84,"2017-08-15"
"170","10608","花蓮縣",35,3.33,"2017-08-15"
"171","10608","澎湖縣",36,7.7,"2017-08-15"
"172","10608","基隆市",28,7.23,"2017-08-15"
"173","10608","新竹市",7,1.57,"2017-08-15"
"174","10608","嘉義市",29,6.03,"2017-08-15"
"175","10608","金門縣",41,2.7,"2017-08-15"
"176","10608","連江縣",0,0,"2017-08-15"
"177","10609","新北市",42,7.18,"2017-09-15"
"178","10609","臺北市",21,3.69,"2017-09-15"
"179","10609","桃園市",53,6.44,"2017-09-15"
"180","10609","臺中市",53,1.55,"2017-09-15"
"181","10609","臺南市",27,0.73,"2017-09-15"
"182","10609","高雄市",64,2.5,"2017-09-15"
"183","10609","宜蘭縣",63,4.33,"2017-09-15"
"184","10609","新竹縣",51,4.58,"2017-09-15"
"185","10609","苗栗縣",41,2.19,"2017-09-15"
"186","10609","彰化縣",0,0,"2017-09-15"
"187","10609","南投縣",53,1.61,"2017-09-15"
"188","10609","雲林縣",64,1.72,"2017-09-15"
"189","10609","嘉義縣",51,4.34,"2017-09-15"
"190","10609","屏東縣",0,0,"2017-09-15"
"191","10609","臺東縣",24,6.03,"2017-09-15"
"192","10609","花蓮縣",54,3.83,"2017-09-15"
"193","10609","澎湖縣",52,7,"2017-09-15"
"194","10609","基隆市",38,5.38,"2017-09-15"
"195","10609","新竹市",5,1.83,"2017-09-15"
"196","10609","嘉義市",49,4.62,"2017-09-15"
"197","10609","金門縣",46,5.16,"2017-09-15"
"198","10609","連江縣",0,0,"2017-09-15"
"199","10610","新北市",34,7.49,"2017-10-15"
"200","10610","臺北市",20,2.52,"2017-10-15"
"201","10610","桃園市",59,6.33,"2017-10-15"
"202","10610","臺中市",50,2.25,"2017-10-15"
"203","10610","臺南市",53,2.41,"2017-10-15"
"204","10610","高雄市",77,2.37,"2017-10-15"
"205","10610","宜蘭縣",36,3.29,"2017-10-15"
"206","10610","新竹縣",55,4.2,"2017-10-15"
"207","10610","苗栗縣",29,1.53,"2017-10-15"
"208","10610","彰化縣",67,0.69,"2017-10-15"
"209","10610","南投縣",72,4.11,"2017-10-15"
"210","10610","雲林縣",93,1.49,"2017-10-15"
"211","10610","嘉義縣",72,19.57,"2017-10-15"
"212","10610","屏東縣",0,0,"2017-10-15"
"213","10610","臺東縣",59,2.89,"2017-10-15"
"214","10610","花蓮縣",37,0.7,"2017-10-15"
"215","10610","澎湖縣",67,6.4,"2017-10-15"
"216","10610","基隆市",75,9.13,"2017-10-15"
"217","10610","新竹市",12,4.73,"2017-10-15"
"218","10610","嘉義市",95,3.85,"2017-10-15"
"219","10610","金門縣",68,8.14,"2017-10-15"
"220","10610","連江縣",0,0,"2017-10-15"
"221","10611","新北市",19,7.72,"2017-11-15"
"222","10611","臺北市",27,3.7,"2017-11-15"
"223","10611","桃園市",36,13.74,"2017-11-15"
"224","10611","臺中市",37,2.43,"2017-11-15"
"225","10611","臺南市",57,2.6,"2017-11-15"
"226","10611","高雄市",101,2.91,"2017-11-15"
"227","10611","宜蘭縣",10,3.78,"2017-11-15"
"228","10611","新竹縣",37,5.58,"2017-11-15"
"229","10611","苗栗縣",50,3.25,"2017-11-15"
"230","10611","彰化縣",49,1.23,"2017-11-15"
"231","10611","南投縣",54,1.2,"2017-11-15"
"232","10611","雲林縣",98,3.93,"2017-11-15"
"233","10611","嘉義縣",79,23.71,"2017-11-15"
"234","10611","屏東縣",0,0,"2017-11-15"
"235","10611","臺東縣",45,17.6,"2017-11-15"
"236","10611","花蓮縣",31,3.9,"2017-11-15"
"237","10611","澎湖縣",50,7.1,"2017-11-15"
"238","10611","基隆市",63,7.88,"2017-11-15"
"239","10611","新竹市",11,1.1,"2017-11-15"
"240","10611","嘉義市",85,4.69,"2017-11-15"
"241","10611","金門縣",69,10.08,"2017-11-15"
"242","10611","連江縣",0,0,"2017-11-15"
"243","10612","新北市",86,7.56,"2017-12-15"
"244","10612","臺北市",32,3.14,"2017-12-15"
"245","10612","桃園市",79,8.44,"2017-12-15"
"246","10612","臺中市",44,3.32,"2017-12-15"
"247","10612","臺南市",49,2.42,"2017-12-15"
"248","10612","高雄市",112,3.04,"2017-12-15"
"249","10612","宜蘭縣",15,3.22,"2017-12-15"
"250","10612","新竹縣",29,13.68,"2017-12-15"
"251","10612","苗栗縣",51,4.56,"2017-12-15"
"252","10612","彰化縣",44,0.45,"2017-12-15"
"253","10612","南投縣",33,1.48,"2017-12-15"
"254","10612","雲林縣",91,2.77,"2017-12-15"
"255","10612","嘉義縣",79,17.06,"2017-12-15"
"256","10612","屏東縣",0,0,"2017-12-15"
"257","10612","臺東縣",47,13.6,"2017-12-15"
"258","10612","花蓮縣",30,3.33,"2017-12-15"
"259","10612","澎湖縣",0,7.2,"2017-12-15"
"260","10612","基隆市",71,14.5,"2017-12-15"
"261","10612","新竹市",13,0.37,"2017-12-15"
"262","10612","嘉義市",63,5.87,"2017-12-15"
"263","10612","金門縣",67,7.96,"2017-12-15"
"264","10612","連江縣",0,0,"2017-12-15"
"265","10701","新北市",48,4.04,"2018-01-15"
"266","10701","臺北市",34,1.78,"2018-01-15"
"267","10701","桃園市",46,1.83,"2018-01-15"
"268","10701","臺中市",43,1.22,"2018-01-15"
"269","10701","臺南市",47,4.09,"2018-01-15"
"270","10701","高雄市",85,1.84,"2018-01-15"
"271","10701","宜蘭縣",48,2.31,"2018-01-15"
"272","10701","新竹縣",42,4.85,"2018-01-15"
"273","10701","苗栗縣",52,1.86,"2018-01-15"
"274","10701","彰化縣",59,1.42,"2018-01-15"
"275","10701","南投縣",26,1.32,"2018-01-15"
"276","10701","雲林縣",74,1.95,"2018-01-15"
"277","10701","嘉義縣",67,11.39,"2018-01-15"
"278","10701","屏東縣",115,2.87,"2018-01-15"
"279","10701","臺東縣",30,5.3,"2018-01-15"
"280","10701","花蓮縣",27,2.8,"2018-01-15"
"281","10701","澎湖縣",0,0,"2018-01-15"
"282","10701","基隆市",39,3.78,"2018-01-15"
"283","10701","新竹市",32,3.2,"2018-01-15"
"284","10701","嘉義市",94,6.17,"2018-01-15"
"285","10701","金門縣",63,7.98,"2018-01-15"
"286","10701","連江縣",0,0,"2018-01-15"
"287","10702","新北市",44,8.06,"2018-02-15"
"288","10702","臺北市",26,3.05,"2018-02-15"
"289","10702","桃園市",48,5.31,"2018-02-15"
"290","10702","臺中市",45,2.01,"2018-02-15"
"291","10702","臺南市",87,6.74,"2018-02-15"
"292","10702","高雄市",75,2.53,"2018-02-15"
"293","10702","宜蘭縣",44,4.43,"2018-02-15"
"294","10702","新竹縣",36,3.73,"2018-02-15"
"295","10702","苗栗縣",41,10.29,"2018-02-15"
"296","10702","彰化縣",38,1,"2018-02-15"
"297","10702","南投縣",29,1.65,"2018-02-15"
"298","10702","雲林縣",55,2.87,"2018-02-15"
"299","10702","嘉義縣",47,9.21,"2018-02-15"
"300","10702","屏東縣",75,1.36,"2018-02-15"
"301","10702","臺東縣",24,3.51,"2018-02-15"
"302","10702","花蓮縣",23,2.83,"2018-02-15"
"303","10702","澎湖縣",0,0,"2018-02-15"
"304","10702","基隆市",54,7.8,"2018-02-15"
"305","10702","新竹市",116,0.3,"2018-02-15"
"306","10702","嘉義市",60,4.76,"2018-02-15"
"307","10702","金門縣",42,15.62,"2018-02-15"
"308","10702","連江縣",0,0,"2018-02-15"
"309","10703","新北市",41,5.28,"2018-03-15"
"310","10703","臺北市",25,3.66,"2018-03-15"
"311","10703","桃園市",54,9.5,"2018-03-15"
"312","10703","臺中市",43,2.16,"2018-03-15"
"313","10703","臺南市",52,3.46,"2018-03-15"
"314","10703","高雄市",82,2.5,"2018-03-15"
"315","10703","宜蘭縣",44,3.57,"2018-03-15"
"316","10703","新竹縣",41,2.2,"2018-03-15"
"317","10703","苗栗縣",60,1.4,"2018-03-15"
"318","10703","彰化縣",61,2.11,"2018-03-15"
"319","10703","南投縣",37,1.5,"2018-03-15"
"320","10703","雲林縣",87,1.36,"2018-03-15"
"321","10703","嘉義縣",81,9.34,"2018-03-15"
"322","10703","屏東縣",55,2.48,"2018-03-15"
"323","10703","臺東縣",106,4.72,"2018-03-15"
"324","10703","花蓮縣",27,2.73,"2018-03-15"
"325","10703","澎湖縣",0,0,"2018-03-15"
"326","10703","基隆市",48,5.58,"2018-03-15"
"327","10703","新竹市",43,2.2,"2018-03-15"
"328","10703","嘉義市",93,4.91,"2018-03-15"
"329","10703","金門縣",91,5.99,"2018-03-15"
"330","10703","連江縣",0,0,"2018-03-15"
"331","10704","新北市",62,10.9,"2018-04-15"
"332","10704","臺北市",35,4.56,"2018-04-15"
"333","10704","桃園市",70,2.99,"2018-04-15"
"334","10704","臺中市",49,2.62,"2018-04-15"
"335","10704","臺南市",70,3.64,"2018-04-15"
"336","10704","高雄市",70,2.5,"2018-04-15"
"337","10704","宜蘭縣",54,4.25,"2018-04-15"
"338","10704","新竹縣",44,1.5,"2018-04-15"
"339","10704","苗栗縣",42,1.46,"2018-04-15"
"340","10704","彰化縣",66,2.24,"2018-04-15"
"341","10704","南投縣",43,2.84,"2018-04-15"
"342","10704","雲林縣",52,1.17,"2018-04-15"
"343","10704","嘉義縣",59,14.67,"2018-04-15"
"344","10704","屏東縣",88,3.95,"2018-04-15"
"345","10704","臺東縣",50,3.17,"2018-04-15"
"346","10704","花蓮縣",28,2.87,"2018-04-15"
"347","10704","澎湖縣",140,7.5,"2018-04-15"
"348","10704","基隆市",49,5.1,"2018-04-15"
"349","10704","新竹市",52,3.4,"2018-04-15"
"350","10704","嘉義市",57,6.44,"2018-04-15"
"351","10704","金門縣",122,7.98,"2018-04-15"
"352","10704","連江縣",0,0,"2018-04-15"
"353","10705","新北市",58,8.41,"2018-05-15"
"354","10705","臺北市",43,3.09,"2018-05-15"
"355","10705","桃園市",71,6.36,"2018-05-15"
"356","10705","臺中市",36,2.02,"2018-05-15"
"357","10705","臺南市",69,2.95,"2018-05-15"
"358","10705","高雄市",40,2.38,"2018-05-15"
"359","10705","宜蘭縣",39,3.7,"2018-05-15"
"360","10705","新竹縣",47,2.2,"2018-05-15"
"361","10705","苗栗縣",56,2.95,"2018-05-15"
"362","10705","彰化縣",48,1.78,"2018-05-15"
"363","10705","南投縣",37,1.56,"2018-05-15"
"364","10705","雲林縣",42,3.05,"2018-05-15"
"365","10705","嘉義縣",72,9.27,"2018-05-15"
"366","10705","屏東縣",44,1.99,"2018-05-15"
"367","10705","臺東縣",51,2.46,"2018-05-15"
"368","10705","花蓮縣",36,2,"2018-05-15"
"369","10705","澎湖縣",36,6,"2018-05-15"
"370","10705","基隆市",57,4.16,"2018-05-15"
"371","10705","新竹市",66,7.45,"2018-05-15"
"372","10705","嘉義市",53,5.71,"2018-05-15"
"373","10705","金門縣",45,9.65,"2018-05-15"
"374","10705","連江縣",0,0,"2018-05-15"
"375","10706","新北市",32,3.7,"2018-06-15"
"376","10706","臺北市",29,4.53,"2018-06-15"
"377","10706","桃園市",39,14.89,"2018-06-15"
"378","10706","臺中市",28,2.99,"2018-06-15"
"379","10706","臺南市",38,3.73,"2018-06-15"
"380","10706","高雄市",39,1.33,"2018-06-15"
"381","10706","宜蘭縣",22,2.61,"2018-06-15"
"382","10706","新竹縣",34,1.95,"2018-06-15"
"383","10706","苗栗縣",39,3.69,"2018-06-15"
"384","10706","彰化縣",18,0.12,"2018-06-15"
"385","10706","南投縣",32,1.63,"2018-06-15"
"386","10706","雲林縣",33,1.76,"2018-06-15"
"387","10706","嘉義縣",44,27.67,"2018-06-15"
"388","10706","屏東縣",41,0.93,"2018-06-15"
"389","10706","臺東縣",27,3.02,"2018-06-15"
"390","10706","花蓮縣",20,1.47,"2018-06-15"
"391","10706","澎湖縣",40,7,"2018-06-15"
"392","10706","基隆市",42,7.48,"2018-06-15"
"393","10706","新竹市",45,1.35,"2018-06-15"
"394","10706","嘉義市",41,5.7,"2018-06-15"
"395","10706","金門縣",15,4.79,"2018-06-15"
"396","10706","連江縣",0,0,"2018-06-15"
"397","10707","新北市",43,7.44,"2018-07-15"
"398","10707","臺北市",35,2.6,"2018-07-15"
"399","10707","桃園市",39,10.73,"2018-07-15"
"400","10707","臺中市",40,2.52,"2018-07-15"
"401","10707","臺南市",25,1.64,"2018-07-15"
"402","10707","高雄市",45,1.52,"2018-07-15"
"403","10707","宜蘭縣",48,2.58,"2018-07-15"
"404","10707","新竹縣",36,1.7,"2018-07-15"
"405","10707","苗栗縣",43,4.24,"2018-07-15"
"406","10707","彰化縣",39,0.48,"2018-07-15"
"407","10707","南投縣",42,2.13,"2018-07-15"
"408","10707","雲林縣",27,1.46,"2018-07-15"
"409","10707","嘉義縣",26,12.96,"2018-07-15"
"410","10707","屏東縣",32,0.32,"2018-07-15"
"411","10707","臺東縣",32,3.01,"2018-07-15"
"412","10707","花蓮縣",26,1.5,"2018-07-15"
"413","10707","澎湖縣",50,6.1,"2018-07-15"
"414","10707","基隆市",34,4.44,"2018-07-15"
"415","10707","新竹市",48,1.2,"2018-07-15"
"416","10707","嘉義市",24,3.98,"2018-07-15"
"417","10707","金門縣",40,5.54,"2018-07-15"
"418","10707","連江縣",0,0,"2018-07-15"
"419","10708","新北市",28,3.1,"2018-08-15"
"420","10708","臺北市",36,4.23,"2018-08-15"
"421","10708","桃園市",28,2.9,"2018-08-15"
"422","10708","臺中市",26,1.02,"2018-08-15"
"423","10708","臺南市",24,2.46,"2018-08-15"
"424","10708","高雄市",24,2.31,"2018-08-15"
"425","10708","宜蘭縣",26,3.88,"2018-08-15"
"426","10708","新竹縣",38,1.3,"2018-08-15"
"427","10708","苗栗縣",36,1.84,"2018-08-15"
"428","10708","彰化縣",31,5.81,"2018-08-15"
"429","10708","南投縣",28,1.55,"2018-08-15"
"430","10708","雲林縣",13,1.01,"2018-08-15"
"431","10708","嘉義縣",31,11.61,"2018-08-15"
"432","10708","屏東縣",22,1.28,"2018-08-15"
"433","10708","臺東縣",35,1.21,"2018-08-15"
"434","10708","花蓮縣",20,0.8,"2018-08-15"
"435","10708","澎湖縣",28,6.6,"2018-08-15"
"436","10708","基隆市",33,2.06,"2018-08-15"
"437","10708","新竹市",41,0.9,"2018-08-15"
"438","10708","嘉義市",31,4.22,"2018-08-15"
"439","10708","金門縣",24,4.16,"2018-08-15"
"440","10708","連江縣",0,0,"2018-08-15"
"441","10709","新北市",46,4.34,"2018-09-15"
"442","10709","臺北市",32,1.89,"2018-09-15"
"443","10709","桃園市",51,2.77,"2018-09-15"
"444","10709","臺中市",48,2.29,"2018-09-15"
"445","10709","臺南市",48,5.7,"2018-09-15"
"446","10709","高雄市",39,2.63,"2018-09-15"
"447","10709","宜蘭縣",36,3.12,"2018-09-15"
"448","10709","新竹縣",44,1.78,"2018-09-15"
"449","10709","苗栗縣",41,0.53,"2018-09-15"
"450","10709","彰化縣",44,1.03,"2018-09-15"
"451","10709","南投縣",36,2.78,"2018-09-15"
"452","10709","雲林縣",54,0.74,"2018-09-15"
"453","10709","嘉義縣",53,5.14,"2018-09-15"
"454","10709","屏東縣",43,2.9,"2018-09-15"
"455","10709","臺東縣",23,2.7,"2018-09-15"
"456","10709","花蓮縣",33,2.2,"2018-09-15"
"457","10709","澎湖縣",54,7.9,"2018-09-15"
"458","10709","基隆市",29,3.22,"2018-09-15"
"459","10709","新竹市",63,3.55,"2018-09-15"
"460","10709","嘉義市",40,4.61,"2018-09-15"
"461","10709","金門縣",66,2.96,"2018-09-15"
"462","10709","連江縣",0,0,"2018-09-15"
"463","10710","新北市",50,6.08,"2018-10-15"
"464","10710","臺北市",32,5.78,"2018-10-15"
"465","10710","桃園市",45,12.03,"2018-10-15"
"466","10710","臺中市",49,2.09,"2018-10-15"
"467","10710","臺南市",83,5.72,"2018-10-15"
"468","10710","高雄市",98,2.28,"2018-10-15"
"469","10710","宜蘭縣",34,2.17,"2018-10-15"
"470","10710","新竹縣",30,3.58,"2018-10-15"
"471","10710","苗栗縣",39,5.49,"2018-10-15"
"472","10710","彰化縣",61,0.65,"2018-10-15"
"473","10710","南投縣",42,2.17,"2018-10-15"
"474","10710","雲林縣",87,2.51,"2018-10-15"
"475","10710","嘉義縣",89,9.9,"2018-10-15"
"476","10710","屏東縣",78,2.57,"2018-10-15"
"477","10710","臺東縣",42,3.18,"2018-10-15"
"478","10710","花蓮縣",20,1.17,"2018-10-15"
"479","10710","澎湖縣",47,0,"2018-10-15"
"480","10710","基隆市",60,6.68,"2018-10-15"
"481","10710","新竹市",58,3.25,"2018-10-15"
"482","10710","嘉義市",92,4.64,"2018-10-15"
"483","10710","金門縣",49,3.34,"2018-10-15"
"484","10710","連江縣",0,0,"2018-10-15"
"485","10711","新北市",30,3.24,"2018-11-15"
"486","10711","臺北市",23,4.15,"2018-11-15"
"487","10711","桃園市",41,4.16,"2018-11-15"
"488","10711","臺中市",83,2.95,"2018-11-15"
"489","10711","臺南市",86,7.64,"2018-11-15"
"490","10711","高雄市",90,2.22,"2018-11-15"
"491","10711","宜蘭縣",34,1.51,"2018-11-15"
"492","10711","新竹縣",38,2.45,"2018-11-15"
"493","10711","苗栗縣",52,3.03,"2018-11-15"
"494","10711","彰化縣",38,0.29,"2018-11-15"
"495","10711","南投縣",48,1.54,"2018-11-15"
"496","10711","雲林縣",88,9.68,"2018-11-15"
"497","10711","嘉義縣",105,12.93,"2018-11-15"
"498","10711","屏東縣",94,1.5,"2018-11-15"
"499","10711","臺東縣",33,2.92,"2018-11-15"
"500","10711","花蓮縣",23,1.43,"2018-11-15"
"501","10711","澎湖縣",64,7,"2018-11-15"
"502","10711","基隆市",44,5.1,"2018-11-15"
"503","10711","新竹市",22,3.25,"2018-11-15"
"504","10711","嘉義市",61,4.87,"2018-11-15"
"505","10711","金門縣",62,3.28,"2018-11-15"
"506","10711","連江縣",0,0,"2018-11-15"
"507","10712","新北市",27,4.38,"2018-12-15"
"508","10712","臺北市",45,1.87,"2018-12-15"
"509","10712","桃園市",29,5.34,"2018-12-15"
"510","10712","臺中市",55,1.78,"2018-12-15"
"511","10712","臺南市",74,7.87,"2018-12-15"
"512","10712","高雄市",109,2.49,"2018-12-15"
"513","10712","宜蘭縣",31,2.23,"2018-12-15"
"514","10712","新竹縣",43,4.15,"2018-12-15"
"515","10712","苗栗縣",57,4.48,"2018-12-15"
"516","10712","彰化縣",70,0.84,"2018-12-15"
"517","10712","南投縣",41,2.46,"2018-12-15"
"518","10712","雲林縣",60,0.81,"2018-12-15"
"519","10712","嘉義縣",81,8.27,"2018-12-15"
"520","10712","屏東縣",119,1.55,"2018-12-15"
"521","10712","臺東縣",36,1.91,"2018-12-15"
"522","10712","花蓮縣",22,2.83,"2018-12-15"
"523","10712","澎湖縣",130,7.8,"2018-12-15"
"524","10712","基隆市",36,4.1,"2018-12-15"
"525","10712","新竹市",30,1.2,"2018-12-15"
"526","10712","嘉義市",95,4.16,"2018-12-15"
"527","10712","金門縣",85,3.29,"2018-12-15"
"528","10712","連江縣",0,0,"2018-12-15"
"529","10801","新北市",42,3.46,"2019-01-15"
"530","10801","臺北市",45,2.31,"2019-01-15"
"531","10801","桃園市",62,5.87,"2019-01-15"
"532","10801","臺中市",36,1.84,"2019-01-15"
"533","10801","臺南市",91,0,"2019-01-15"
"534","10801","高雄市",103,2.13,"2019-01-15"
"535","10801","宜蘭縣",32,1.94,"2019-01-15"
"536","10801","新竹縣",30,3.53,"2019-01-15"
"537","10801","苗栗縣",57,2.3,"2019-01-15"
"538","10801","彰化縣",45,1.53,"2019-01-15"
"539","10801","南投縣",37,1.68,"2019-01-15"
"540","10801","雲林縣",66,14.05,"2019-01-15"
"541","10801","嘉義縣",74,5.14,"2019-01-15"
"542","10801","屏東縣",94,1.57,"2019-01-15"
"543","10801","臺東縣",22,2.02,"2019-01-15"
"544","10801","花蓮縣",33,3.83,"2019-01-15"
"545","10801","澎湖縣",0,0,"2019-01-15"
"546","10801","基隆市",32,7.78,"2019-01-15"
"547","10801","新竹市",58,2.73,"2019-01-15"
"548","10801","嘉義市",81,5.4,"2019-01-15"
"549","10801","金門縣",67,3.5,"2019-01-15"
"550","10801","連江縣",0,0,"2019-01-15"
"551","10802","新北市",22,4.32,"2019-02-15"
"552","10802","臺北市",25,3.74,"2019-02-15"
"553","10802","桃園市",47,5.03,"2019-02-15"
"554","10802","臺中市",61,1.79,"2019-02-15"
"555","10802","臺南市",78,0,"2019-02-15"
"556","10802","高雄市",77,2.87,"2019-02-15"
"557","10802","宜蘭縣",30,1.69,"2019-02-15"
"558","10802","新竹縣",28,1.18,"2019-02-15"
"559","10802","苗栗縣",31,3.54,"2019-02-15"
"560","10802","彰化縣",45,1.02,"2019-02-15"
"561","10802","南投縣",53,2.51,"2019-02-15"
"562","10802","雲林縣",54,7.42,"2019-02-15"
"563","10802","嘉義縣",86,3.24,"2019-02-15"
"564","10802","屏東縣",104,1.92,"2019-02-15"
"565","10802","臺東縣",36,3.15,"2019-02-15"
"566","10802","花蓮縣",21,2.5,"2019-02-15"
"567","10802","澎湖縣",0,0,"2019-02-15"
"568","10802","基隆市",29,6.3,"2019-02-15"
"569","10802","新竹市",25,4.23,"2019-02-15"
"570","10802","嘉義市",83,3.87,"2019-02-15"
"571","10802","金門縣",41,3.27,"2019-02-15"
"572","10802","連江縣",0,0,"2019-02-15"
"573","10803","新北市",47,4.51,"2019-03-15"
"574","10803","臺北市",42,3.22,"2019-03-15"
"575","10803","桃園市",38,7.17,"2019-03-15"
"576","10803","臺中市",43,2.5,"2019-03-15"
"577","10803","臺南市",59,2.55,"2019-03-15"
"578","10803","高雄市",67,2.45,"2019-03-15"
"579","10803","宜蘭縣",51,1.39,"2019-03-15"
"580","10803","新竹縣",43,1.13,"2019-03-15"
"581","10803","苗栗縣",49,0.25,"2019-03-15"
"582","10803","彰化縣",94,0.68,"2019-03-15"
"583","10803","南投縣",45,3.45,"2019-03-15"
"584","10803","雲林縣",36,0.62,"2019-03-15"
"585","10803","嘉義縣",41,2.46,"2019-03-15"
"586","10803","屏東縣",84,2.25,"2019-03-15"
"587","10803","臺東縣",48,3.06,"2019-03-15"
"588","10803","花蓮縣",20,3.4,"2019-03-15"
"589","10803","澎湖縣",0,0,"2019-03-15"
"590","10803","基隆市",31,6.48,"2019-03-15"
"591","10803","新竹市",37,0.2,"2019-03-15"
"592","10803","嘉義市",83,5.9,"2019-03-15"
"593","10803","金門縣",136,1.77,"2019-03-15"
"594","10803","連江縣",0,0,"2019-03-15"
"595","10804","新北市",45,4.52,"2019-04-15"
"596","10804","臺北市",47,2.17,"2019-04-15"
"597","10804","桃園市",51,5.43,"2019-04-15"
"598","10804","臺中市",44,2.29,"2019-04-15"
"599","10804","臺南市",53,0,"2019-04-15"
"600","10804","高雄市",62,4.8,"2019-04-15"
"601","10804","宜蘭縣",35,2.38,"2019-04-15"
"602","10804","新竹縣",39,2.08,"2019-04-15"
"603","10804","苗栗縣",33,0.8,"2019-04-15"
"604","10804","彰化縣",49,2.45,"2019-04-15"
"605","10804","南投縣",51,1.93,"2019-04-15"
"606","10804","雲林縣",43,11.32,"2019-04-15"
"607","10804","嘉義縣",38,0.17,"2019-04-15"
"608","10804","屏東縣",58,1.85,"2019-04-15"
"609","10804","臺東縣",31,2.57,"2019-04-15"
"610","10804","花蓮縣",42,2.93,"2019-04-15"
"611","10804","澎湖縣",51,0,"2019-04-15"
"612","10804","基隆市",48,4.22,"2019-04-15"
"613","10804","新竹市",49,0.4,"2019-04-15"
"614","10804","嘉義市",58,5.32,"2019-04-15"
"615","10804","金門縣",46,2.3,"2019-04-15"
"616","10804","連江縣",0,0,"2019-04-15"
"617","10805","新北市",50,5.12,"2019-05-15"
"618","10805","臺北市",29,1.86,"2019-05-15"
"619","10805","桃園市",26,4.49,"2019-05-15"
"620","10805","臺中市",52,2.19,"2019-05-15"
"621","10805","臺南市",40,0,"2019-05-15"
"622","10805","高雄市",64,6.38,"2019-05-15"
"623","10805","宜蘭縣",30,1.3,"2019-05-15"
"624","10805","新竹縣",40,1.1,"2019-05-15"
"625","10805","苗栗縣",37,0.14,"2019-05-15"
"626","10805","彰化縣",48,11.2,"2019-05-15"
"627","10805","南投縣",20,4.75,"2019-05-15"
"628","10805","雲林縣",48,1.49,"2019-05-15"
"629","10805","嘉義縣",55,2.63,"2019-05-15"
"630","10805","屏東縣",29,16.14,"2019-05-15"
"631","10805","臺東縣",16,2.94,"2019-05-15"
"632","10805","花蓮縣",27,5.7,"2019-05-15"
"633","10805","澎湖縣",72,6.8,"2019-05-15"
"634","10805","基隆市",46,1.45,"2019-05-15"
"635","10805","新竹市",36,0.37,"2019-05-15"
"636","10805","嘉義市",47,5.43,"2019-05-15"
"637","10805","金門縣",155,2.31,"2019-05-15"
"638","10805","連江縣",0,0,"2019-05-15"
"639","10806","新北市",37,5.86,"2019-06-15"
"640","10806","臺北市",29,1.14,"2019-06-15"
"641","10806","桃園市",40,4.84,"2019-06-15"
"642","10806","臺中市",26,1.08,"2019-06-15"
"643","10806","臺南市",27,1.5,"2019-06-15"
"644","10806","高雄市",28,5.98,"2019-06-15"
"645","10806","宜蘭縣",30,1.17,"2019-06-15"
"646","10806","新竹縣",26,2.08,"2019-06-15"
"647","10806","苗栗縣",26,0.26,"2019-06-15"
"648","10806","彰化縣",30,9.93,"2019-06-15"
"649","10806","南投縣",20,4.62,"2019-06-15"
"650","10806","雲林縣",0,0,"2019-06-15"
"651","10806","嘉義縣",28,2.72,"2019-06-15"
"652","10806","屏東縣",33,3.09,"2019-06-15"
"653","10806","臺東縣",29,2.8,"2019-06-15"
"654","10806","花蓮縣",23,0.9,"2019-06-15"
"655","10806","澎湖縣",31,6.3,"2019-06-15"
"656","10806","基隆市",38,0.23,"2019-06-15"
"657","10806","新竹市",28,0.27,"2019-06-15"
"658","10806","嘉義市",24,5.65,"2019-06-15"
"659","10806","金門縣",33,10.73,"2019-06-15"
"660","10806","連江縣",0,0,"2019-06-15"
"661","10807","新北市",44,5.36,"2019-07-15"
"662","10807","臺北市",29,4.85,"2019-07-15"
"663","10807","桃園市",36,4.16,"2019-07-15"
"664","10807","臺中市",64,1.5,"2019-07-15"
"665","10807","臺南市",28,2.47,"2019-07-15"
"666","10807","高雄市",34,6.69,"2019-07-15"
"667","10807","宜蘭縣",39,1.61,"2019-07-15"
"668","10807","新竹縣",27,0.83,"2019-07-15"
"669","10807","苗栗縣",29,3.6,"2019-07-15"
"670","10807","彰化縣",23,3.16,"2019-07-15"
"671","10807","南投縣",18,2.34,"2019-07-15"
"672","10807","雲林縣",21,1.08,"2019-07-15"
"673","10807","嘉義縣",17,2.8,"2019-07-15"
"674","10807","屏東縣",34,14.4,"2019-07-15"
"675","10807","臺東縣",26,2.46,"2019-07-15"
"676","10807","花蓮縣",26,2.43,"2019-07-15"
"677","10807","澎湖縣",36,5.8,"2019-07-15"
"678","10807","基隆市",33,1.33,"2019-07-15"
"679","10807","新竹市",32,3.8,"2019-07-15"
"680","10807","嘉義市",39,6.45,"2019-07-15"
"681","10807","金門縣",51,3.06,"2019-07-15"
"682","10807","連江縣",0,0,"2019-07-15"
"683","10808","新北市",33,4.07,"2019-08-15"
"684","10808","臺北市",23,3.84,"2019-08-15"
"685","10808","桃園市",32,4.59,"2019-08-15"
"686","10808","臺中市",44,3.5,"2019-08-15"
"687","10808","臺南市",32,1.29,"2019-08-15"
"688","10808","高雄市",36,5.67,"2019-08-15"
"689","10808","宜蘭縣",40,2.13,"2019-08-15"
"690","10808","新竹縣",31,0.43,"2019-08-15"
"691","10808","苗栗縣",27,0.61,"2019-08-15"
"692","10808","彰化縣",49,3.52,"2019-08-15"
"693","10808","南投縣",32,3.1,"2019-08-15"
"694","10808","雲林縣",44,1.52,"2019-08-15"
"695","10808","嘉義縣",50,3.89,"2019-08-15"
"696","10808","屏東縣",35,10.19,"2019-08-15"
"697","10808","臺東縣",18,2.02,"2019-08-15"
"698","10808","花蓮縣",27,1.83,"2019-08-15"
"699","10808","澎湖縣",53,6,"2019-08-15"
"700","10808","基隆市",41,3.08,"2019-08-15"
"701","10808","新竹市",26,0.5,"2019-08-15"
"702","10808","嘉義市",22,6.01,"2019-08-15"
"703","10808","金門縣",40,3.44,"2019-08-15"
"704","10808","連江縣",0,0,"2019-08-15"
"705","10809","新北市",39,3.27,"2019-09-15"
"706","10809","臺北市",26,4.28,"2019-09-15"
"707","10809","桃園市",31,8.19,"2019-09-15"
"708","10809","臺中市",39,3.61,"2019-09-15"
"709","10809","臺南市",40,2.39,"2019-09-15"
"710","10809","高雄市",44,4.4,"2019-09-15"
"711","10809","宜蘭縣",38,2.78,"2019-09-15"
"712","10809","新竹縣",43,1.23,"2019-09-15"
"713","10809","苗栗縣",31,0.98,"2019-09-15"
"714","10809","彰化縣",43,4.42,"2019-09-15"
"715","10809","南投縣",32,1.68,"2019-09-15"
"716","10809","雲林縣",41,4.6,"2019-09-15"
"717","10809","嘉義縣",45,5.47,"2019-09-15"
"718","10809","屏東縣",53,5.44,"2019-09-15"
"719","10809","臺東縣",49,3.62,"2019-09-15"
"720","10809","花蓮縣",23,5.77,"2019-09-15"
"721","10809","澎湖縣",24,6.3,"2019-09-15"
"722","10809","基隆市",56,6.43,"2019-09-15"
"723","10809","新竹市",27,3.05,"2019-09-15"
"724","10809","嘉義市",42,5.49,"2019-09-15"
"725","10809","金門縣",60,2.34,"2019-09-15"
"726","10809","連江縣",0,0,"2019-09-15"
"727","10810","新北市",50,5.4,"2019-10-15"
"728","10810","臺北市",28,3.54,"2019-10-15"
"729","10810","桃園市",44,5.51,"2019-10-15"
"730","10810","臺中市",57,2.73,"2019-10-15"
"731","10810","臺南市",75,2.65,"2019-10-15"
"732","10810","高雄市",74,2.58,"2019-10-15"
"733","10810","宜蘭縣",36,2.38,"2019-10-15"
"734","10810","新竹縣",40,1.63,"2019-10-15"
"735","10810","苗栗縣",52,6.55,"2019-10-15"
"736","10810","彰化縣",77,2.16,"2019-10-15"
"737","10810","南投縣",40,0.95,"2019-10-15"
"738","10810","雲林縣",73,1.38,"2019-10-15"
"739","10810","嘉義縣",79,3.85,"2019-10-15"
"740","10810","屏東縣",65,10.7,"2019-10-15"
"741","10810","臺東縣",36,3.22,"2019-10-15"
"742","10810","花蓮縣",26,0,"2019-10-15"
"743","10810","澎湖縣",50,6.8,"2019-10-15"
"744","10810","基隆市",54,6.43,"2019-10-15"
"745","10810","新竹市",55,9.43,"2019-10-15"
"746","10810","嘉義市",58,3.64,"2019-10-15"
"747","10810","金門縣",73,3.25,"2019-10-15"
"748","10810","連江縣",0,0,"2019-10-15"
"749","10811","新北市",26,4.18,"2019-11-15"
"750","10811","臺北市",27,5.63,"2019-11-15"
"751","10811","桃園市",36,6.1,"2019-11-15"
"752","10811","臺中市",48,2.84,"2019-11-15"
"753","10811","臺南市",112,4.4,"2019-11-15"
"754","10811","高雄市",113,2.37,"2019-11-15"
"755","10811","宜蘭縣",29,2.3,"2019-11-15"
"756","10811","新竹縣",53,2.35,"2019-11-15"
"757","10811","苗栗縣",58,4.43,"2019-11-15"
"758","10811","彰化縣",41,2.3,"2019-11-15"
"759","10811","南投縣",46,1.89,"2019-11-15"
"760","10811","雲林縣",75,1.61,"2019-11-15"
"761","10811","嘉義縣",73,5.24,"2019-11-15"
"762","10811","屏東縣",117,1.22,"2019-11-15"
"763","10811","臺東縣",52,2.24,"2019-11-15"
"764","10811","花蓮縣",30,4.97,"2019-11-15"
"765","10811","澎湖縣",53,7.5,"2019-11-15"
"766","10811","基隆市",56,10.88,"2019-11-15"
"767","10811","新竹市",50,3.8,"2019-11-15"
"768","10811","嘉義市",71,4.5,"2019-11-15"
"769","10811","金門縣",211,6.27,"2019-11-15"
"770","10811","連江縣",0,0,"2019-11-15"
"771","10812","新北市",17,4.51,"2019-12-15"
"772","10812","臺北市",25,5.3,"2019-12-15"
"773","10812","桃園市",34,6.99,"2019-12-15"
"774","10812","臺中市",48,6.98,"2019-12-15"
"775","10812","臺南市",38,1.3,"2019-12-15"
"776","10812","高雄市",61,2.53,"2019-12-15"
"777","10812","宜蘭縣",31,2.17,"2019-12-15"
"778","10812","新竹縣",25,2.23,"2019-12-15"
"779","10812","苗栗縣",25,3.46,"2019-12-15"
"780","10812","彰化縣",48,2.51,"2019-12-15"
"781","10812","南投縣",33,3.23,"2019-12-15"
"782","10812","雲林縣",64,1.74,"2019-12-15"
"783","10812","嘉義縣",82,4.36,"2019-12-15"
"784","10812","屏東縣",106,2.71,"2019-12-15"
"785","10812","臺東縣",16,2.3,"2019-12-15"
"786","10812","花蓮縣",39,6.23,"2019-12-15"
"787","10812","澎湖縣",78,8.1,"2019-12-15"
"788","10812","基隆市",56,3.28,"2019-12-15"
"789","10812","新竹市",54,2.83,"2019-12-15"
"790","10812","嘉義市",70,6.55,"2019-12-15"
"791","10812","金門縣",147,7.21,"2019-12-15"
"792","10812","連江縣",0,0,"2019-12-15"
"793","10901","新北市",41,3.21,"2020-01-15"
"794","10901","臺北市",37,3.56,"2020-01-15"
"795","10901","桃園市",85,4.99,"2020-01-15"
"796","10901","臺中市",45,1.23,"2020-01-15"
"797","10901","臺南市",93,0,"2020-01-15"
"798","10901","高雄市",107,2.29,"2020-01-15"
"799","10901","宜蘭縣",40,2.45,"2020-01-15"
"800","10901","新竹縣",31,1.93,"2020-01-15"
"801","10901","苗栗縣",42,1.74,"2020-01-15"
"802","10901","彰化縣",93,3.05,"2020-01-15"
"803","10901","南投縣",44,0.43,"2020-01-15"
"804","10901","雲林縣",81,1.64,"2020-01-15"
"805","10901","嘉義縣",101,3.29,"2020-01-15"
"806","10901","屏東縣",80,2.5,"2020-01-15"
"807","10901","臺東縣",39,3,"2020-01-15"
"808","10901","花蓮縣",34,3.67,"2020-01-15"
"809","10901","澎湖縣",0,0,"2020-01-15"
"810","10901","基隆市",77,7.33,"2020-01-15"
"811","10901","新竹市",55,2.13,"2020-01-15"
"812","10901","嘉義市",67,3.85,"2020-01-15"
"813","10901","金門縣",48,1.49,"2020-01-15"
"814","10901","連江縣",0,0,"2020-01-15"
"815","10902","新北市",32,3.76,"2020-02-15"
"816","10902","臺北市",42,6.35,"2020-02-15"
"817","10902","桃園市",82,2.52,"2020-02-15"
"818","10902","臺中市",38,1.96,"2020-02-15"
"819","10902","臺南市",73,0,"2020-02-15"
"820","10902","高雄市",89,2.37,"2020-02-15"
"821","10902","宜蘭縣",27,2.55,"2020-02-15"
"822","10902","新竹縣",26,0.38,"2020-02-15"
"823","10902","苗栗縣",26,3.74,"2020-02-15"
"824","10902","彰化縣",79,3.25,"2020-02-15"
"825","10902","南投縣",43,1.16,"2020-02-15"
"826","10902","雲林縣",50,1.35,"2020-02-15"
"827","10902","嘉義縣",84,2.79,"2020-02-15"
"828","10902","屏東縣",75,2.56,"2020-02-15"
"829","10902","臺東縣",32,2.02,"2020-02-15"
"830","10902","花蓮縣",29,4.1,"2020-02-15"
"831","10902","澎湖縣",0,0,"2020-02-15"
"832","10902","基隆市",46,3.95,"2020-02-15"
"833","10902","新竹市",42,2.03,"2020-02-15"
"834","10902","嘉義市",69,4.96,"2020-02-15"
"835","10902","金門縣",75,1.75,"2020-02-15"
"836","10902","連江縣",0,0,"2020-02-15"
"837","10903","新北市",42,3.97,"2020-03-15"
"838","10903","臺北市",43,4.54,"2020-03-15"
"839","10903","桃園市",48,5,"2020-03-15"
"840","10903","臺中市",61,3.46,"2020-03-15"
"841","10903","臺南市",37,0,"2020-03-15"
"842","10903","高雄市",77,3.25,"2020-03-15"
"843","10903","宜蘭縣",36,2.35,"2020-03-15"
"844","10903","新竹縣",49,0.53,"2020-03-15"
"845","10903","苗栗縣",40,2.16,"2020-03-15"
"846","10903","彰化縣",61,3.8,"2020-03-15"
"847","10903","南投縣",51,2.41,"2020-03-15"
"848","10903","雲林縣",82,0,"2020-03-15"
"849","10903","嘉義縣",68,2.87,"2020-03-15"
"850","10903","屏東縣",90,1.39,"2020-03-15"
"851","10903","臺東縣",52,2.11,"2020-03-15"
"852","10903","花蓮縣",37,4.87,"2020-03-15"
"853","10903","澎湖縣",35,0,"2020-03-15"
"854","10903","基隆市",58,4.73,"2020-03-15"
"855","10903","新竹市",65,2.57,"2020-03-15"
"856","10903","嘉義市",68,5.11,"2020-03-15"
"857","10903","金門縣",96,2.54,"2020-03-15"
"858","10903","連江縣",0,0,"2020-03-15"
"859","10904","新北市",41,2.86,"2020-04-15"
"860","10904","臺北市",20,0.95,"2020-04-15"
"861","10904","桃園市",31,3.21,"2020-04-15"
"862","10904","臺中市",66,2.55,"2020-04-15"
"863","10904","臺南市",86,2.73,"2020-04-15"
"864","10904","高雄市",65,3.53,"2020-04-15"
"865","10904","宜蘭縣",25,2.39,"2020-04-15"
"866","10904","新竹縣",45,0.75,"2020-04-15"
"867","10904","苗栗縣",36,0.94,"2020-04-15"
"868","10904","彰化縣",39,3.56,"2020-04-15"
"869","10904","南投縣",31,2.48,"2020-04-15"
"870","10904","雲林縣",51,5.01,"2020-04-15"
"871","10904","嘉義縣",56,3.7,"2020-04-15"
"872","10904","屏東縣",63,1.19,"2020-04-15"
"873","10904","臺東縣",16,2.06,"2020-04-15"
"874","10904","花蓮縣",16,4,"2020-04-15"
"875","10904","澎湖縣",51,7.6,"2020-04-15"
"876","10904","基隆市",29,6.78,"2020-04-15"
"877","10904","新竹市",31,1.23,"2020-04-15"
"878","10904","嘉義市",51,4.7,"2020-04-15"
"879","10904","金門縣",52,2.56,"2020-04-15"
"880","10904","連江縣",0,0,"2020-04-15"
"881","10905","新北市",25,3.08,"2020-05-15"
"882","10905","臺北市",25,1.11,"2020-05-15"
"883","10905","桃園市",35,4.78,"2020-05-15"
"884","10905","臺中市",32,2.75,"2020-05-15"
"885","10905","臺南市",34,3.42,"2020-05-15"
"886","10905","高雄市",28,4.16,"2020-05-15"
"887","10905","宜蘭縣",35,3.21,"2020-05-15"
"888","10905","新竹縣",34,1.15,"2020-05-15"
"889","10905","苗栗縣",24,0.75,"2020-05-15"
"890","10905","彰化縣",42,4.47,"2020-05-15"
"891","10905","南投縣",23,2.2,"2020-05-15"
"892","10905","雲林縣",27,6.29,"2020-05-15"
"893","10905","嘉義縣",23,2.72,"2020-05-15"
"894","10905","屏東縣",50,0,"2020-05-15"
"895","10905","臺東縣",27,2.7,"2020-05-15"
"896","10905","花蓮縣",21,2.1,"2020-05-15"
"897","10905","澎湖縣",37,7,"2020-05-15"
"898","10905","基隆市",32,3.33,"2020-05-15"
"899","10905","新竹市",26,0.67,"2020-05-15"
"900","10905","嘉義市",30,5.32,"2020-05-15"
"901","10905","金門縣",105,3.64,"2020-05-15"
"902","10905","連江縣",0,0,"2020-05-15"
"903","10906","新北市",36,4.46,"2020-06-15"
"904","10906","臺北市",32,1.6,"2020-06-15"
"905","10906","桃園市",35,1.42,"2020-06-15"
"906","10906","臺中市",34,2.05,"2020-06-15"
"907","10906","臺南市",26,3.04,"2020-06-15"
"908","10906","高雄市",21,3.18,"2020-06-15"
"909","10906","宜蘭縣",27,2.79,"2020-06-15"
"910","10906","新竹縣",21,3.68,"2020-06-15"
"911","10906","苗栗縣",31,1.66,"2020-06-15"
"912","10906","彰化縣",27,5.45,"2020-06-15"
"913","10906","南投縣",19,3.54,"2020-06-15"
"914","10906","雲林縣",26,5.66,"2020-06-15"
"915","10906","嘉義縣",23,3.34,"2020-06-15"
"916","10906","屏東縣",32,1.86,"2020-06-15"
"917","10906","臺東縣",31,2.12,"2020-06-15"
"918","10906","花蓮縣",21,2.6,"2020-06-15"
"919","10906","澎湖縣",12,6.1,"2020-06-15"
"920","10906","基隆市",41,4.28,"2020-06-15"
"921","10906","新竹市",38,7.17,"2020-06-15"
"922","10906","嘉義市",30,7.43,"2020-06-15"
"923","10906","金門縣",22,2.17,"2020-06-15"
"924","10906","連江縣",0,0,"2020-06-15"
"925","10907","新北市",26,2.51,"2020-07-15"
"926","10907","臺北市",28,8.65,"2020-07-15"
"927","10907","桃園市",36,2.44,"2020-07-15"
"928","10907","臺中市",30,1.82,"2020-07-15"
"929","10907","臺南市",29,3.6,"2020-07-15"
"930","10907","高雄市",25,3.36,"2020-07-15"
"931","10907","宜蘭縣",36,2.4,"2020-07-15"
"932","10907","新竹縣",33,0.65,"2020-07-15"
"933","10907","苗栗縣",27,1.05,"2020-07-15"
"934","10907","彰化縣",26,5.78,"2020-07-15"
"935","10907","南投縣",18,2.09,"2020-07-15"
"936","10907","雲林縣",22,1.24,"2020-07-15"
"937","10907","嘉義縣",30,2.83,"2020-07-15"
"938","10907","屏東縣",26,2.12,"2020-07-15"
"939","10907","臺東縣",25,0,"2020-07-15"
"940","10907","花蓮縣",27,3.07,"2020-07-15"
"941","10907","澎湖縣",22,6.8,"2020-07-15"
"942","10907","基隆市",46,6.42,"2020-07-15"
"943","10907","新竹市",37,5.23,"2020-07-15"
"944","10907","嘉義市",26,6.05,"2020-07-15"
"945","10907","金門縣",17,1.11,"2020-07-15"
"946","10907","連江縣",0,0,"2020-07-15"
"947","10908","新北市",31,3.52,"2020-08-15"
"948","10908","臺北市",30,3.15,"2020-08-15"
"949","10908","桃園市",37,2.54,"2020-08-15"
"950","10908","臺中市",26,2.05,"2020-08-15"
"951","10908","臺南市",34,1.33,"2020-08-15"
"952","10908","高雄市",34,4.45,"2020-08-15"
"953","10908","宜蘭縣",24,2.32,"2020-08-15"
"954","10908","新竹縣",34,1.23,"2020-08-15"
"955","10908","苗栗縣",23,0.56,"2020-08-15"
"956","10908","彰化縣",34,5.87,"2020-08-15"
"957","10908","南投縣",25,2.08,"2020-08-15"
"958","10908","雲林縣",29,1.89,"2020-08-15"
"959","10908","嘉義縣",29,2.8,"2020-08-15"
"960","10908","屏東縣",31,3.78,"2020-08-15"
"961","10908","臺東縣",45,2.35,"2020-08-15"
"962","10908","花蓮縣",32,2.33,"2020-08-15"
"963","10908","澎湖縣",21,6.2,"2020-08-15"
"964","10908","基隆市",43,8.42,"2020-08-15"
"965","10908","新竹市",44,1.9,"2020-08-15"
"966","10908","嘉義市",25,4.47,"2020-08-15"
"967","10908","金門縣",24,2.27,"2020-08-15"
"968","10908","連江縣",0,0,"2020-08-15"
"969","10909","新北市",36,3.36,"2020-09-15"
"970","10909","臺北市",26,4.69,"2020-09-15"
"971","10909","桃園市",61,2.17,"2020-09-15"
"972","10909","臺中市",55,1.63,"2020-09-15"
"973","10909","臺南市",53,2.75,"2020-09-15"
"974","10909","高雄市",38,3.2,"2020-09-15"
"975","10909","宜蘭縣",24,2.32,"2020-09-15"
"976","10909","新竹縣",34,1.53,"2020-09-15"
"977","10909","苗栗縣",40,0.54,"2020-09-15"
"978","10909","彰化縣",61,4.7,"2020-09-15"
"979","10909","南投縣",52,1.96,"2020-09-15"
"980","10909","雲林縣",78,2.5,"2020-09-15"
"981","10909","嘉義縣",36,5.07,"2020-09-15"
"982","10909","屏東縣",51,9.92,"2020-09-15"
"983","10909","臺東縣",42,1.91,"2020-09-15"
"984","10909","花蓮縣",37,3.63,"2020-09-15"
"985","10909","澎湖縣",16,5.7,"2020-09-15"
"986","10909","基隆市",51,1.54,"2020-09-15"
"987","10909","新竹市",39,2.03,"2020-09-15"
"988","10909","嘉義市",53,4.13,"2020-09-15"
"989","10909","金門縣",33,1.81,"2020-09-15"
"990","10909","連江縣",0,0,"2020-09-15"
"991","10910","新北市",48,3.32,"2020-10-15"
"992","10910","臺北市",27,6.5,"2020-10-15"
"993","10910","桃園市",61,4.85,"2020-10-15"
"994","10910","臺中市",40,3.18,"2020-10-15"
"995","10910","臺南市",86,2.65,"2020-10-15"
"996","10910","高雄市",96,2.86,"2020-10-15"
"997","10910","宜蘭縣",24,2.53,"2020-10-15"
"998","10910","新竹縣",32,1.6,"2020-10-15"
"999","10910","苗栗縣",43,2.81,"2020-10-15"
"1000","10910","彰化縣",63,2.1,"2020-10-15"
"1001","10910","南投縣",37,1.63,"2020-10-15"
"1002","10910","雲林縣",77,1.29,"2020-10-15"
"1003","10910","嘉義縣",71,3.47,"2020-10-15"
"1004","10910","屏東縣",78,2.39,"2020-10-15"
"1005","10910","臺東縣",47,1.53,"2020-10-15"
"1006","10910","花蓮縣",35,4.3,"2020-10-15"
"1007","10910","澎湖縣",43,6.3,"2020-10-15"
"1008","10910","基隆市",48,4.2,"2020-10-15"
"1009","10910","新竹市",47,8.4,"2020-10-15"
"1010","10910","嘉義市",77,2,"2020-10-15"
"1011","10910","金門縣",98,5.05,"2020-10-15"
"1012","10910","連江縣",0,0,"2020-10-15"
"1013","10911","新北市",36,3.57,"2020-11-15"
"1014","10911","臺北市",38,10.89,"2020-11-15"
"1015","10911","桃園市",58,6.28,"2020-11-15"
"1016","10911","臺中市",54,2.66,"2020-11-15"
"1017","10911","臺南市",89,3.78,"2020-11-15"
"1018","10911","高雄市",62,3.76,"2020-11-15"
"1019","10911","宜蘭縣",18,2.1,"2020-11-15"
"1020","10911","新竹縣",38,1.78,"2020-11-15"
"1021","10911","苗栗縣",55,4.68,"2020-11-15"
"1022","10911","彰化縣",68,5.04,"2020-11-15"
"1023","10911","南投縣",47,1.72,"2020-11-15"
"1024","10911","雲林縣",77,5.86,"2020-11-15"
"1025","10911","嘉義縣",81,3.19,"2020-11-15"
"1026","10911","屏東縣",91,2.48,"2020-11-15"
"1027","10911","臺東縣",31,1.41,"2020-11-15"
"1028","10911","花蓮縣",21,3.4,"2020-11-15"
"1029","10911","澎湖縣",95,5.9,"2020-11-15"
"1030","10911","基隆市",57,6.18,"2020-11-15"
"1031","10911","新竹市",60,1.13,"2020-11-15"
"1032","10911","嘉義市",78,1.63,"2020-11-15"
"1033","10911","金門縣",182,6,"2020-11-15"
"1034","10911","連江縣",0,0,"2020-11-15"
"1035","10912","新北市",21,4.12,"2020-12-15"
"1036","10912","臺北市",30,2.34,"2020-12-15"
"1037","10912","桃園市",60,4.68,"2020-12-15"
"1038","10912","臺中市",43,4.01,"2020-12-15"
"1039","10912","臺南市",75,3,"2020-12-15"
"1040","10912","高雄市",80,3.08,"2020-12-15"
"1041","10912","宜蘭縣",17,2.1,"2020-12-15"
"1042","10912","新竹縣",28,1.48,"2020-12-15"
"1043","10912","苗栗縣",44,1.28,"2020-12-15"
"1044","10912","彰化縣",36,3.83,"2020-12-15"
"1045","10912","南投縣",28,1.94,"2020-12-15"
"1046","10912","雲林縣",53,8.26,"2020-12-15"
"1047","10912","嘉義縣",40,4.57,"2020-12-15"
"1048","10912","屏東縣",77,1.02,"2020-12-15"
"1049","10912","臺東縣",17,1.59,"2020-12-15"
"1050","10912","花蓮縣",21,4.43,"2020-12-15"
"1051","10912","澎湖縣",86,6.2,"2020-12-15"
"1052","10912","基隆市",44,0.9,"2020-12-15"
"1053","10912","新竹市",24,4.8,"2020-12-15"
"1054","10912","嘉義市",71,3.04,"2020-12-15"
"1055","10912","金門縣",80,4.68,"2020-12-15"
"1056","10912","連江縣",0,0,"2020-12-15"
"1057","11001","新北市",36,2.7,"2021-01-15"
"1058","11001","臺北市",24,4.49,"2021-01-15"
"1059","11001","桃園市",55,5.47,"2021-01-15"
"1060","11001","臺中市",44,2.68,"2021-01-15"
"1061","11001","臺南市",87,3.31,"2021-01-15"
"1062","11001","高雄市",113,3.4,"2021-01-15"
"1063","11001","宜蘭縣",25,0,"2021-01-15"
"1064","11001","新竹縣",30,1.75,"2021-01-15"
"1065","11001","苗栗縣",41,3.11,"2021-01-15"
"1066","11001","彰化縣",51,2.46,"2021-01-15"
"1067","11001","南投縣",44,1.13,"2021-01-15"
"1068","11001","雲林縣",71,4.24,"2021-01-15"
"1069","11001","嘉義縣",61,4.4,"2021-01-15"
"1070","11001","屏東縣",94,1.29,"2021-01-15"
"1071","11001","臺東縣",26,1.74,"2021-01-15"
"1072","11001","花蓮縣",23,6.63,"2021-01-15"
"1073","11001","澎湖縣",0,0,"2021-01-15"
"1074","11001","基隆市",33,4.4,"2021-01-15"
"1075","11001","新竹市",71,4.2,"2021-01-15"
"1076","11001","嘉義市",71,2.73,"2021-01-15"
"1077","11001","金門縣",93,3.96,"2021-01-15"
"1078","11001","連江縣",0,0,"2021-01-15"
"1079","11002","新北市",50,2.69,"2021-02-15"
"1080","11002","臺北市",30,4.62,"2021-02-15"
"1081","11002","桃園市",68,4.4,"2021-02-15"
"1082","11002","臺中市",98,4.07,"2021-02-15"
"1083","11002","臺南市",129,0,"2021-02-15"
"1084","11002","高雄市",96,2.5,"2021-02-15"
"1085","11002","宜蘭縣",37,0,"2021-02-15"
"1086","11002","新竹縣",45,0.95,"2021-02-15"
"1087","11002","苗栗縣",65,0.79,"2021-02-15"
"1088","11002","彰化縣",87,5.83,"2021-02-15"
"1089","11002","南投縣",36,1.67,"2021-02-15"
"1090","11002","雲林縣",102,3.7,"2021-02-15"
"1091","11002","嘉義縣",92,2.48,"2021-02-15"
"1092","11002","屏東縣",101,2.26,"2021-02-15"
"1093","11002","臺東縣",32,2.03,"2021-02-15"
"1094","11002","花蓮縣",25,3.77,"2021-02-15"
"1095","11002","澎湖縣",0,0,"2021-02-15"
"1096","11002","基隆市",49,4.5,"2021-02-15"
"1097","11002","新竹市",105,2.07,"2021-02-15"
"1098","11002","嘉義市",92,1.91,"2021-02-15"
"1099","11002","金門縣",64,4.7,"2021-02-15"
"1100","11002","連江縣",0,0,"2021-02-15"
"1101","11003","新北市",55,2.73,"2021-03-15"
"1102","11003","臺北市",25,6.5,"2021-03-15"
"1103","11003","桃園市",50,5.6,"2021-03-15"
"1104","11003","臺中市",61,3.86,"2021-03-15"
"1105","11003","臺南市",85,0,"2021-03-15"
"1106","11003","高雄市",119,2.9,"2021-03-15"
"1107","11003","宜蘭縣",32,0,"2021-03-15"
"1108","11003","新竹縣",43,1.05,"2021-03-15"
"1109","11003","苗栗縣",70,1.89,"2021-03-15"
"1110","11003","彰化縣",92,4.25,"2021-03-15"
"1111","11003","南投縣",57,2.67,"2021-03-15"
"1112","11003","雲林縣",74,2.27,"2021-03-15"
"1113","11003","嘉義縣",95,3.11,"2021-03-15"
"1114","11003","屏東縣",90,1.38,"2021-03-15"
"1115","11003","臺東縣",28,2.55,"2021-03-15"
"1116","11003","花蓮縣",22,2.3,"2021-03-15"
"1117","11003","澎湖縣",0,0,"2021-03-15"
"1118","11003","基隆市",53,3.38,"2021-03-15"
"1119","11003","新竹市",68,4.73,"2021-03-15"
"1120","11003","嘉義市",80,1.99,"2021-03-15"
"1121","11003","金門縣",116,4.3,"2021-03-15"
"1122","11003","連江縣",0,0,"2021-03-15"
"1123","11004","新北市",53,2.59,"2021-04-15"
"1124","11004","臺北市",27,5.4,"2021-04-15"
"1125","11004","桃園市",51,3.6,"2021-04-15"
"1126","11004","臺中市",56,2.21,"2021-04-15"
"1127","11004","臺南市",95,0,"2021-04-15"
"1128","11004","高雄市",81,3.7,"2021-04-15"
"1129","11004","宜蘭縣",27,3.73,"2021-04-15"
"1130","11004","新竹縣",42,2.88,"2021-04-15"
"1131","11004","苗栗縣",46,1.63,"2021-04-15"
"1132","11004","彰化縣",71,4.55,"2021-04-15"
"1133","11004","南投縣",53,2.68,"2021-04-15"
"1134","11004","雲林縣",98,6.94,"2021-04-15"
"1135","11004","嘉義縣",74,2.4,"2021-04-15"
"1136","11004","屏東縣",88,3.77,"2021-04-15"
"1137","11004","臺東縣",39,1.58,"2021-04-15"
"1138","11004","花蓮縣",36,4.7,"2021-04-15"
"1139","11004","澎湖縣",0,0,"2021-04-15"
"1140","11004","基隆市",47,12,"2021-04-15"
"1141","11004","新竹市",39,2.33,"2021-04-15"
"1142","11004","嘉義市",97,2,"2021-04-15"
"1143","11004","金門縣",73,3,"2021-04-15"
"1144","11004","連江縣",0,0,"2021-04-15"
"1145","11005","新北市",56,2.27,"2021-05-15"
"1146","11005","臺北市",29,6.23,"2021-05-15"
"1147","11005","桃園市",54,3.03,"2021-05-15"
"1148","11005","臺中市",48,3.95,"2021-05-15"
"1149","11005","臺南市",76,0,"2021-05-15"
"1150","11005","高雄市",56,4.48,"2021-05-15"
"1151","11005","宜蘭縣",38,3.04,"2021-05-15"
"1152","11005","新竹縣",50,1.5,"2021-05-15"
"1153","11005","苗栗縣",33,2.11,"2021-05-15"
"1154","11005","彰化縣",0,0,"2021-05-15"
"1155","11005","南投縣",20,2.2,"2021-05-15"
"1156","11005","雲林縣",45,2.28,"2021-05-15"
"1157","11005","嘉義縣",33,2.59,"2021-05-15"
"1158","11005","屏東縣",59,2.29,"2021-05-15"
"1159","11005","臺東縣",25,1.58,"2021-05-15"
"1160","11005","花蓮縣",26,4.07,"2021-05-15"
"1161","11005","澎湖縣",0,0,"2021-05-15"
"1162","11005","基隆市",59,1.84,"2021-05-15"
"1163","11005","新竹市",44,1.6,"2021-05-15"
"1164","11005","嘉義市",54,1.45,"2021-05-15"
"1165","11005","金門縣",28,2.07,"2021-05-15"
"1166","11005","連江縣",0,0,"2021-05-15"
